-467, 683
-455, 687
-450, 690
-449, 692
-446, 694
-446, 705
-453, 708
-453, 709
-449, 709
-452, 712
-449, 711
-448, 714
-445, 716
-444, 717
-447, 721
-446, 722
-447, 720
-450, 721
-449, 721
-445, 723
-446, 724
-447, 726
-450, 724
-450, 728
-450, 728
-453, 728
-451, 725
-454, 728
-456, 725
-455, 724
-456, 727
-456, 726
-457, 724
-456, 724
-458, 724
-458, 725
-462, 725
-461, 726
-465, 730
-464, 731
-466, 733
-468, 735
-468, 735
-464, 735
-464, 735
-461, 735
-459, 737
-452, 726
-453, 729
-454, 729
-454, 730
-454, 739
-456, 741
-456, 740
-460, 743
-457, 734
-458, 735
-457, 735
-459, 739
-458, 739
-458, 740
-457, 741
-457, 736
-457, 738
-458, 743
-456, 740
-451, 734
-448, 735
-449, 735
-450, 736
-451, 738
-455, 736
-450, 735
-450, 737
-452, 737
-450, 737
-449, 736
-449, 735
-450, 736
-448, 736
-449, 737
-447, 737
-445, 739
-444, 738
-442, 738
-442, 738
-443, 740
-443, 738
-447, 735
-446, 738
-447, 736
-447, 734
-446, 738
-447, 739
-446, 738
-446, 738
-450, 738
-452, 739
-451, 747
-458, 748
-457, 748
-457, 749
-459, 747
-459, 752
-455, 749
-458, 749
-455, 749
-459, 747
-459, 748
-456, 748
-458, 748
-458, 748
-455, 748
-455, 749
-454, 749
-456, 748
-459, 752
-458, 749
-457, 747
-458, 749
-460, 749
-457, 747
-456, 748
-458, 751
-457, 749
-455, 748
-460, 748
-459, 747
-456, 747
-457, 747
-457, 747
-457, 748
-450, 739
-450, 740
-449, 740
-445, 743
-448, 741
-444, 742
-447, 741
-447, 738
-445, 738
-450, 738
-449, 735
-449, 737
-449, 746
-454, 749
-455, 746
-456, 746
-459, 746
-455, 746
-457, 745
-457, 745
-459, 746
-459, 746
-460, 749
-458, 748
-458, 748
-457, 746
-460, 750
-459, 750
-459, 751
-459, 751
-458, 752
-460, 754
-460, 755
-458, 756
-458, 755
-457, 754
-458, 756
-457, 752
-459, 754
-458, 753
-459, 751
-457, 752
-459, 753
-458, 756
-459, 753
-458, 755
-460, 757
-459, 755
-458, 756
-459, 755
-456, 752
-457, 753
-457, 750
-458, 756
-457, 754
-450, 744
-454, 743
-454, 742
-456, 740
-454, 750
-457, 751
-459, 750
-457, 751
-457, 751
-459, 754
-460, 751
-453, 745
-456, 744
-457, 743
-457, 739
-456, 738
-459, 739
-455, 740
-457, 739
-459, 739
-459, 742
-459, 742
-460, 742
-459, 746
-459, 745
-457, 742
-457, 744
-458, 748
-456, 748
-457, 749
-457, 744
-456, 744
-456, 744
-457, 744
-457, 746
-454, 749
-454, 747
-454, 749
-454, 749
-456, 748
-453, 745
-454, 749
-454, 751
-454, 750
-452, 750
-456, 751
-454, 750
-455, 751
-454, 749
-453, 750
-457, 760
-457, 760
-456, 762
-458, 763
-456, 764
-458, 767
-459, 768
-457, 766
-458, 771
-456, 768
-454, 773
-455, 773
-458, 774
-458, 776
-459, 774
-458, 776
-458, 777
-460, 778
-459, 779
-459, 778
-459, 776
-457, 775
-456, 777
-459, 781
-456, 779
-459, 781
-457, 780
-449, 768
-451, 769
-449, 770
-449, 769
-448, 771
-449, 771
-450, 772
-449, 773
-450, 774
-449, 773
-447, 773
-449, 775
-449, 776
-450, 777
-453, 778
-450, 777
-451, 778
-449, 777
-451, 778
-450, 781
-452, 791
-455, 791
-456, 793
-456, 794
-458, 795
-456, 793
-455, 793
-455, 793
-447, 792
-444, 794
-448, 794
-446, 791
-449, 789
-449, 787
-451, 790
-452, 788
-451, 789
-451, 788
-450, 789
-450, 792
-453, 790
-456, 790
-454, 791
-455, 791
-457, 789
-454, 789
-453, 790
-457, 789
-457, 792
-456, 789
-454, 793
-453, 793
-453, 792
-454, 793
-452, 793
-455, 793
-456, 793
-453, 793
-454, 793
-452, 792
-454, 794
-455, 794
-449, 785
-449, 784
-453, 784
-452, 786
-450, 785
-450, 783
-453, 778
-453, 777
-453, 778
-454, 781
-453, 777
-453, 778
-453, 780
-451, 784
-452, 785
-455, 786
-453, 787
-453, 786
-453, 787
-451, 788
-452, 791
-452, 789
-454, 789
-454, 791
-456, 790
-455, 791
-454, 793
-454, 795
-455, 794
-451, 795
-451, 795
-455, 795
-456, 794
-456, 794
-455, 794
-455, 794
-454, 796
-454, 798
-452, 794
-454, 797
-455, 795
-454, 798
-457, 793
-457, 785
-452, 784
-448, 785
-449, 785
-448, 786
-454, 788
-449, 789
-449, 790
-449, 799
-454, 802
-456, 799
-457, 799
-458, 797
-457, 795
-457, 794
-456, 797
-454, 797
-456, 796
-454, 798
-454, 796
-456, 796
-456, 795
-457, 794
-459, 797
-458, 796
-456, 797
-457, 795
-451, 785
-455, 786
-455, 787
-456, 787
-458, 789
-457, 789
-457, 789
-457, 791
-458, 791
-458, 789
-458, 790
-459, 791
-457, 793
-459, 793
-460, 792
-458, 793
-458, 791
-458, 791
-458, 793
-459, 793
-457, 792
-458, 793
-456, 792
-455, 794
-459, 794
-459, 796
-458, 797
-456, 804
-462, 806
-466, 807
-461, 810
-461, 805
-462, 807
